{
    "loss": 1.1953825950622559,
    "accuracy": 0.8848921060562134
}