{
    "loss": 6.222912311553955,
    "accuracy": 0.5035971403121948
}