{
    "loss": 7.6919121742248535,
    "accuracy": 0.5179855823516846
}