{
    "loss": 1.7843101024627686,
    "accuracy": 0.8057553768157959
}